it,step_length,step_norm,f(x),fx0,x
2,0,1.000000000000000000e+00,8.485281374238388963e-02,inf,inf,              2.06,  1.440000000000023,                  0,  39.92462927222662, 0.4233823894336397,                  0
2,1,5.000000000000000000e-01,4.242640687119194481e-02,inf,inf,              2.03,  1.470000000000022,                  0,  39.92462927222662, 0.4233823894336397,                  0
2,2,2.500000000000000000e-01,2.121320343559597241e-02,inf,inf, 2.015000000000001,  1.485000000000022,                  0,  39.92462927222662, 0.4233823894336397,                  0
2,3,1.250000000000000000e-01,1.060660171779798620e-02,inf,inf, 2.007500000000001,  1.492500000000021,                  0,  39.92462927222662, 0.4233823894336397,                  0
2,4,6.250000000000000000e-02,5.303300858898993102e-03,inf,inf, 2.003750000000001,  1.496250000000021,                  0,  39.92462927222662, 0.4233823894336397,                  0
2,5,3.125000000000000000e-02,2.651650429449496551e-03,inf,inf, 2.001875000000001,  1.498125000000021,                  0,  39.92462927222662, 0.4233823894336397,                  0
2,6,1.562500000000000000e-02,1.325825214724748275e-03,inf,inf, 2.000937500000001,  1.499062500000021,                  0,  39.92462927222662, 0.4233823894336397,                  0
2,7,7.812500000000000000e-03,6.629126073623741377e-04,inf,inf, 2.000468750000001,  1.499531250000021,                  0,  39.92462927222662, 0.4233823894336397,                  0
2,8,3.906250000000000000e-03,3.314563036811870689e-04,inf,inf, 2.000234375000001,  1.499765625000021,                  0,  39.92462927222662, 0.4233823894336397,                  0
2,9,1.953125000000000000e-03,1.657281518405935344e-04,inf,inf, 2.000117187500001,  1.499882812500021,                  0,  39.92462927222662, 0.4233823894336397,                  0
2,10,9.765625000000000000e-04,8.286407592029676721e-05,inf,inf, 2.000058593750001,  1.499941406250021,                  0,  39.92462927222662, 0.4233823894336397,                  0
2,11,4.882812500000000000e-04,4.143203796014838361e-05,inf,inf, 2.000029296875001,  1.499970703125021,                  0,  39.92462927222662, 0.4233823894336397,                  0
2,12,2.441406250000000000e-04,2.071601898007419180e-05,inf,inf, 2.000014648437501,  1.499985351562521,                  0,  39.92462927222662, 0.4233823894336397,                  0
2,13,1.220703125000000000e-04,1.035800949003709590e-05,inf,inf, 2.000007324218751,  1.499992675781271,                  0,  39.92462927222662, 0.4233823894336397,                  0
2,14,6.103515625000000000e-05,5.179004745018547951e-06,inf,inf, 2.000003662109376,  1.499996337890646,                  0,  39.92462927222662, 0.4233823894336397,                  0
2,15,3.051757812500000000e-05,2.589502372509273975e-06,inf,inf, 2.000001831054688,  1.499998168945334,                  0,  39.92462927222662, 0.4233823894336397,                  0
2,16,1.525878906250000000e-05,1.294751186254636988e-06,inf,inf, 2.000000915527345,  1.499999084472678,                  0,  39.92462927222662, 0.4233823894336397,                  0
2,17,7.629394531250000000e-06,6.473755931273184939e-07,inf,inf, 2.000000457763673,  1.499999542236349,                  0,  39.92462927222662, 0.4233823894336397,                  0
2,18,3.814697265625000000e-06,3.236877965636592469e-07,inf,inf, 2.000000228881837,  1.499999771118185,                  0,  39.92462927222662, 0.4233823894336397,                  0
2,19,1.907348632812500000e-06,1.618438982818296235e-07,inf,inf, 2.000000114440919,  1.499999885559103,                  0,  39.92462927222662, 0.4233823894336397,                  0
2,20,9.536743164062500000e-07,8.092194914091481173e-08,inf,inf,  2.00000005722046,  1.499999942779562,                  0,  39.92462927222662, 0.4233823894336397,                  0
2,21,4.768371582031250000e-07,4.046097457045740587e-08,inf,inf,  2.00000002861023,  1.499999971389792,                  0,  39.92462927222662, 0.4233823894336397,                  0
2,22,2.384185791015625000e-07,2.023048728522870293e-08,inf,inf, 2.000000014305116,  1.499999985694907,                  0,  39.92462927222662, 0.4233823894336397,                  0
2,23,1.192092895507812500e-07,1.011524364261435147e-08,inf,inf, 2.000000007152558,  1.499999992847464,                  0,  39.92462927222662, 0.4233823894336397,                  0
2,24,5.960464477539062500e-08,5.057621821307175733e-09,inf,inf,  2.00000000357628,  1.499999996423743,                  0,  39.92462927222662, 0.4233823894336397,                  0
2,25,2.980232238769531250e-08,2.528810910653587867e-09,inf,inf,  2.00000000178814,  1.499999998211882,                  0,  39.92462927222662, 0.4233823894336397,                  0
2,26,1.490116119384765625e-08,1.264405455326793933e-09,inf,inf, 2.000000000894071,  1.499999999105952,                  0,  39.92462927222662, 0.4233823894336397,                  0
2,27,7.450580596923828125e-09,6.322027276633969667e-10,inf,inf, 2.000000000447036,  1.499999999552986,                  0,  39.92462927222662, 0.4233823894336397,                  0
2,28,3.725290298461914062e-09,3.161013638316984833e-10,inf,inf, 2.000000000223518,  1.499999999776504,                  0,  39.92462927222662, 0.4233823894336397,                  0
2,29,1.862645149230957031e-09,1.580506819158492417e-10,inf,inf, 2.000000000111759,  1.499999999888263,                  0,  39.92462927222662, 0.4233823894336397,                  0
2,30,9.313225746154785156e-10,7.902534095792462083e-11,inf,inf,  2.00000000005588,  1.499999999944142,                  0,  39.92462927222662, 0.4233823894336397,                  0
2,31,4.656612873077392578e-10,3.951267047896231042e-11,inf,inf, 2.000000000027941,  1.499999999972082,                  0,  39.92462927222662, 0.4233823894336397,                  0
2,32,2.328306436538696289e-10,1.975633523948115521e-11,inf,inf, 2.000000000013971,  1.499999999986051,                  0,  39.92462927222662, 0.4233823894336397,                  0
2,33,1.164153218269348145e-10,9.878167619740577604e-12,inf,inf, 2.000000000006986,  1.499999999993036,                  0,  39.92462927222662, 0.4233823894336397,                  0
2,34,5.820766091346740723e-11,4.939083809870288802e-12,inf,inf, 2.000000000003493,  1.499999999996529,                  0,  39.92462927222662, 0.4233823894336397,                  0
2,35,2.910383045673370361e-11,2.469541904935144401e-12,inf,inf, 2.000000000001747,  1.499999999998275,                  0,  39.92462927222662, 0.4233823894336397,                  0
2,36,1.455191522836685181e-11,1.234770952467572201e-12,inf,inf, 2.000000000000874,  1.499999999999148,                  0,  39.92462927222662, 0.4233823894336397,                  0
2,37,7.275957614183425903e-12,6.173854762337861003e-13,inf,inf, 2.000000000000437,  1.499999999999585,                  0,  39.92462927222662, 0.4233823894336397,                  0
2,38,3.637978807091712952e-12,3.086927381168930501e-13,inf,inf, 2.000000000000219,  1.499999999999803,                  0,  39.92462927222662, 0.4233823894336397,                  0
2,39,1.818989403545856476e-12,1.543463690584465251e-13,inf,inf,  2.00000000000011,  1.499999999999912,                  0,  39.92462927222662, 0.4233823894336397,                  0
2,40,9.094947017729282379e-13,7.717318452922326253e-14,inf,inf, 2.000000000000056,  1.499999999999967,                  0,  39.92462927222662, 0.4233823894336397,                  0
2,41,4.547473508864641190e-13,3.858659226461163127e-14,inf,inf, 2.000000000000028,  1.499999999999994,                  0,  39.92462927222662, 0.4233823894336397,                  0
2,42,2.273736754432320595e-13,1.929329613230581563e-14,inf,inf, 2.000000000000015,  1.500000000000008,                  0,  39.92462927222662, 0.4233823894336397,                  0
2,43,1.136868377216160297e-13,9.646648066152907817e-15,inf,inf, 2.000000000000008,  1.500000000000014,                  0,  39.92462927222662, 0.4233823894336397,                  0
2,44,5.684341886080801487e-14,4.823324033076453908e-15,inf,inf, 2.000000000000004,  1.500000000000018,                  0,  39.92462927222662, 0.4233823894336397,                  0
2,45,2.842170943040400743e-14,2.411662016538226954e-15,inf,inf, 2.000000000000003,   1.50000000000002,                  0,  39.92462927222662, 0.4233823894336397,                  0
2,46,1.421085471520200372e-14,1.205831008269113477e-15,inf,inf, 2.000000000000002,   1.50000000000002,                  0,  39.92462927222662, 0.4233823894336397,                  0
2,47,7.105427357601001859e-15,6.029155041345567385e-16,inf,inf, 2.000000000000001,  1.500000000000021,                  0,  39.92462927222662, 0.4233823894336397,                  0
2,48,3.552713678800500929e-15,3.014577520672783693e-16,inf,inf, 2.000000000000001,  1.500000000000021,                  0,  39.92462927222662, 0.4233823894336397,                  0
2,49,1.776356839400250465e-15,1.507288760336391846e-16,inf,inf, 2.000000000000001,  1.500000000000021,                  0,  39.92462927222662, 0.4233823894336397,                  0
2,50,8.881784197001252323e-16,7.536443801681959232e-17,inf,inf, 2.000000000000001,  1.500000000000021,                  0,  39.92462927222662, 0.4233823894336397,                  0
2,51,4.440892098500626162e-16,3.768221900840979616e-17,inf,inf, 2.000000000000001,  1.500000000000021,                  0,  39.92462927222662, 0.4233823894336397,                  0
2,52,2.220446049250313081e-16,1.884110950420489808e-17,inf,inf, 2.000000000000001,  1.500000000000021,                  0,  39.92462927222662, 0.4233823894336397,                  0
2,53,1.110223024625156540e-16,9.420554752102449040e-18,inf,inf, 2.000000000000001,  1.500000000000021,                  0,  39.92462927222662, 0.4233823894336397,                  0
2,54,5.551115123125782702e-17,4.710277376051224520e-18,inf,inf, 2.000000000000001,  1.500000000000021,                  0,  39.92462927222662, 0.4233823894336397,                  0
2,55,2.775557561562891351e-17,2.355138688025612260e-18,inf,inf, 2.000000000000001,  1.500000000000021,                  0,  39.92462927222662, 0.4233823894336397,                  0
2,56,1.387778780781445676e-17,1.177569344012806130e-18,inf,inf, 2.000000000000001,  1.500000000000021,                  0,  39.92462927222662, 0.4233823894336397,                  0
2,57,6.938893903907228378e-18,5.887846720064030650e-19,inf,inf, 2.000000000000001,  1.500000000000021,                  0,  39.92462927222662, 0.4233823894336397,                  0
2,58,3.469446951953614189e-18,2.943923360032015325e-19,inf,inf, 2.000000000000001,  1.500000000000021,                  0,  39.92462927222662, 0.4233823894336397,                  0
2,59,1.734723475976807094e-18,1.471961680016007662e-19,inf,inf, 2.000000000000001,  1.500000000000021,                  0,  39.92462927222662, 0.4233823894336397,                  0
2,60,8.673617379884035472e-19,7.359808400080038312e-20,inf,inf, 2.000000000000001,  1.500000000000021,                  0,  39.92462927222662, 0.4233823894336397,                  0
2,61,4.336808689942017736e-19,3.679904200040019156e-20,inf,inf, 2.000000000000001,  1.500000000000021,                  0,  39.92462927222662, 0.4233823894336397,                  0
2,62,2.168404344971008868e-19,1.839952100020009578e-20,inf,inf, 2.000000000000001,  1.500000000000021,                  0,  39.92462927222662, 0.4233823894336397,                  0
2,63,1.084202172485504434e-19,9.199760500100047890e-21,inf,inf, 2.000000000000001,  1.500000000000021,                  0,  39.92462927222662, 0.4233823894336397,                  0
2,64,5.421010862427522170e-20,4.599880250050023945e-21,inf,inf, 2.000000000000001,  1.500000000000021,                  0,  39.92462927222662, 0.4233823894336397,                  0
2,65,2.710505431213761085e-20,2.299940125025011973e-21,inf,inf, 2.000000000000001,  1.500000000000021,                  0,  39.92462927222662, 0.4233823894336397,                  0
2,66,1.355252715606880543e-20,1.149970062512505986e-21,inf,inf, 2.000000000000001,  1.500000000000021,                  0,  39.92462927222662, 0.4233823894336397,                  0
2,67,6.776263578034402713e-21,5.749850312562529931e-22,inf,inf, 2.000000000000001,  1.500000000000021,                  0,  39.92462927222662, 0.4233823894336397,                  0
2,68,3.388131789017201356e-21,2.874925156281264966e-22,inf,inf, 2.000000000000001,  1.500000000000021,                  0,  39.92462927222662, 0.4233823894336397,                  0
2,69,1.694065894508600678e-21,1.437462578140632483e-22,inf,inf, 2.000000000000001,  1.500000000000021,                  0,  39.92462927222662, 0.4233823894336397,                  0
2,70,8.470329472543003391e-22,7.187312890703162414e-23,inf,inf, 2.000000000000001,  1.500000000000021,                  0,  39.92462927222662, 0.4233823894336397,                  0
2,71,4.235164736271501695e-22,3.593656445351581207e-23,inf,inf, 2.000000000000001,  1.500000000000021,                  0,  39.92462927222662, 0.4233823894336397,                  0
2,72,2.117582368135750848e-22,1.796828222675790604e-23,inf,inf, 2.000000000000001,  1.500000000000021,                  0,  39.92462927222662, 0.4233823894336397,                  0
2,73,1.058791184067875424e-22,8.984141113378953018e-24,inf,inf, 2.000000000000001,  1.500000000000021,                  0,  39.92462927222662, 0.4233823894336397,                  0
2,74,5.293955920339377119e-23,4.492070556689476509e-24,inf,inf, 2.000000000000001,  1.500000000000021,                  0,  39.92462927222662, 0.4233823894336397,                  0
2,75,2.646977960169688560e-23,2.246035278344738254e-24,inf,inf, 2.000000000000001,  1.500000000000021,                  0,  39.92462927222662, 0.4233823894336397,                  0
2,76,1.323488980084844280e-23,1.123017639172369127e-24,inf,inf, 2.000000000000001,  1.500000000000021,                  0,  39.92462927222662, 0.4233823894336397,                  0
2,77,6.617444900424221399e-24,5.615088195861845636e-25,inf,inf, 2.000000000000001,  1.500000000000021,                  0,  39.92462927222662, 0.4233823894336397,                  0
2,78,3.308722450212110699e-24,2.807544097930922818e-25,inf,inf, 2.000000000000001,  1.500000000000021,                  0,  39.92462927222662, 0.4233823894336397,                  0
2,79,1.654361225106055350e-24,1.403772048965461409e-25,inf,inf, 2.000000000000001,  1.500000000000021,                  0,  39.92462927222662, 0.4233823894336397,                  0
2,80,8.271806125530276749e-25,7.018860244827307045e-26,inf,inf, 2.000000000000001,  1.500000000000021,                  0,  39.92462927222662, 0.4233823894336397,                  0
2,81,4.135903062765138374e-25,3.509430122413653523e-26,inf,inf, 2.000000000000001,  1.500000000000021,                  0,  39.92462927222662, 0.4233823894336397,                  0
2,82,2.067951531382569187e-25,1.754715061206826761e-26,inf,inf, 2.000000000000001,  1.500000000000021,                  0,  39.92462927222662, 0.4233823894336397,                  0
2,83,1.033975765691284594e-25,8.773575306034133806e-27,inf,inf, 2.000000000000001,  1.500000000000021,                  0,  39.92462927222662, 0.4233823894336397,                  0
2,84,5.169878828456422968e-26,4.386787653017066903e-27,inf,inf, 2.000000000000001,  1.500000000000021,                  0,  39.92462927222662, 0.4233823894336397,                  0
2,85,2.584939414228211484e-26,2.193393826508533452e-27,inf,inf, 2.000000000000001,  1.500000000000021,                  0,  39.92462927222662, 0.4233823894336397,                  0
2,86,1.292469707114105742e-26,1.096696913254266726e-27,inf,inf, 2.000000000000001,  1.500000000000021,                  0,  39.92462927222662, 0.4233823894336397,                  0
2,87,6.462348535570528710e-27,5.483484566271333629e-28,inf,inf, 2.000000000000001,  1.500000000000021,                  0,  39.92462927222662, 0.4233823894336397,                  0
2,88,3.231174267785264355e-27,2.741742283135666815e-28,inf,inf, 2.000000000000001,  1.500000000000021,                  0,  39.92462927222662, 0.4233823894336397,                  0
2,89,1.615587133892632177e-27,1.370871141567833407e-28,inf,inf, 2.000000000000001,  1.500000000000021,                  0,  39.92462927222662, 0.4233823894336397,                  0
2,90,8.077935669463160887e-28,6.854355707839167036e-29,inf,inf, 2.000000000000001,  1.500000000000021,                  0,  39.92462927222662, 0.4233823894336397,                  0
2,91,4.038967834731580444e-28,3.427177853919583518e-29,inf,inf, 2.000000000000001,  1.500000000000021,                  0,  39.92462927222662, 0.4233823894336397,                  0
2,92,2.019483917365790222e-28,1.713588926959791759e-29,inf,inf, 2.000000000000001,  1.500000000000021,                  0,  39.92462927222662, 0.4233823894336397,                  0
2,93,1.009741958682895111e-28,8.567944634798958795e-30,inf,inf, 2.000000000000001,  1.500000000000021,                  0,  39.92462927222662, 0.4233823894336397,                  0
2,94,5.048709793414475555e-29,4.283972317399479398e-30,inf,inf, 2.000000000000001,  1.500000000000021,                  0,  39.92462927222662, 0.4233823894336397,                  0
2,95,2.524354896707237777e-29,2.141986158699739699e-30,inf,inf, 2.000000000000001,  1.500000000000021,                  0,  39.92462927222662, 0.4233823894336397,                  0
2,96,1.262177448353618889e-29,1.070993079349869849e-30,inf,inf, 2.000000000000001,  1.500000000000021,                  0,  39.92462927222662, 0.4233823894336397,                  0
2,97,6.310887241768094443e-30,5.354965396749349247e-31,inf,inf, 2.000000000000001,  1.500000000000021,                  0,  39.92462927222662, 0.4233823894336397,                  0
2,98,3.155443620884047222e-30,2.677482698374674624e-31,inf,inf, 2.000000000000001,  1.500000000000021,                  0,  39.92462927222662, 0.4233823894336397,                  0
2,99,1.577721810442023611e-30,1.338741349187337312e-31,inf,inf, 2.000000000000001,  1.500000000000021,                  0,  39.92462927222662, 0.4233823894336397,                  0
2,100,7.888609052210118054e-31,6.693706745936686559e-32,inf,inf, 2.000000000000001,  1.500000000000021,                  0,  39.92462927222662, 0.4233823894336397,                  0
2,101,3.944304526105059027e-31,3.346853372968343279e-32,inf,inf, 2.000000000000001,  1.500000000000021,                  0,  39.92462927222662, 0.4233823894336397,                  0
2,102,1.972152263052529514e-31,1.673426686484171640e-32,inf,inf, 2.000000000000001,  1.500000000000021,                  0,  39.92462927222662, 0.4233823894336397,                  0
2,103,9.860761315262647568e-32,8.367133432420858199e-33,inf,inf, 2.000000000000001,  1.500000000000021,                  0,  39.92462927222662, 0.4233823894336397,                  0
2,104,4.930380657631323784e-32,4.183566716210429099e-33,inf,inf, 2.000000000000001,  1.500000000000021,                  0,  39.92462927222662, 0.4233823894336397,                  0
2,105,2.465190328815661892e-32,2.091783358105214550e-33,inf,inf, 2.000000000000001,  1.500000000000021,                  0,  39.92462927222662, 0.4233823894336397,                  0
2,106,1.232595164407830946e-32,1.045891679052607275e-33,inf,inf, 2.000000000000001,  1.500000000000021,                  0,  39.92462927222662, 0.4233823894336397,                  0
2,107,6.162975822039154730e-33,5.229458395263036374e-34,inf,inf, 2.000000000000001,  1.500000000000021,                  0,  39.92462927222662, 0.4233823894336397,                  0
2,108,3.081487911019577365e-33,2.614729197631518187e-34,inf,inf, 2.000000000000001,  1.500000000000021,                  0,  39.92462927222662, 0.4233823894336397,                  0
2,109,1.540743955509788682e-33,1.307364598815759094e-34,inf,inf, 2.000000000000001,  1.500000000000021,                  0,  39.92462927222662, 0.4233823894336397,                  0
2,110,7.703719777548943412e-34,6.536822994078795468e-35,inf,inf, 2.000000000000001,  1.500000000000021,                  0,  39.92462927222662, 0.4233823894336397,                  0
2,111,3.851859888774471706e-34,3.268411497039397734e-35,inf,inf, 2.000000000000001,  1.500000000000021,                  0,  39.92462927222662, 0.4233823894336397,                  0
2,112,1.925929944387235853e-34,1.634205748519698867e-35,inf,inf, 2.000000000000001,  1.500000000000021,                  0,  39.92462927222662, 0.4233823894336397,                  0
2,113,9.629649721936179265e-35,8.171028742598494335e-36,inf,inf, 2.000000000000001,  1.500000000000021,                  0,  39.92462927222662, 0.4233823894336397,                  0
2,114,4.814824860968089633e-35,4.085514371299247167e-36,inf,inf, 2.000000000000001,  1.500000000000021,                  0,  39.92462927222662, 0.4233823894336397,                  0
2,115,2.407412430484044816e-35,2.042757185649623584e-36,inf,inf, 2.000000000000001,  1.500000000000021,                  0,  39.92462927222662, 0.4233823894336397,                  0
2,116,1.203706215242022408e-35,1.021378592824811792e-36,inf,inf, 2.000000000000001,  1.500000000000021,                  0,  39.92462927222662, 0.4233823894336397,                  0
2,117,6.018531076210112041e-36,5.106892964124058959e-37,inf,inf, 2.000000000000001,  1.500000000000021,                  0,  39.92462927222662, 0.4233823894336397,                  0
2,118,3.009265538105056020e-36,2.553446482062029480e-37,inf,inf, 2.000000000000001,  1.500000000000021,                  0,  39.92462927222662, 0.4233823894336397,                  0
2,119,1.504632769052528010e-36,1.276723241031014740e-37,inf,inf, 2.000000000000001,  1.500000000000021,                  0,  39.92462927222662, 0.4233823894336397,                  0
2,120,7.523163845262640051e-37,6.383616205155073699e-38,inf,inf, 2.000000000000001,  1.500000000000021,                  0,  39.92462927222662, 0.4233823894336397,                  0
2,121,3.761581922631320025e-37,3.191808102577536849e-38,inf,inf, 2.000000000000001,  1.500000000000021,                  0,  39.92462927222662, 0.4233823894336397,                  0
2,122,1.880790961315660013e-37,1.595904051288768425e-38,inf,inf, 2.000000000000001,  1.500000000000021,                  0,  39.92462927222662, 0.4233823894336397,                  0
2,123,9.403954806578300064e-38,7.979520256443842124e-39,inf,inf, 2.000000000000001,  1.500000000000021,                  0,  39.92462927222662, 0.4233823894336397,                  0
2,124,4.701977403289150032e-38,3.989760128221921062e-39,inf,inf, 2.000000000000001,  1.500000000000021,                  0,  39.92462927222662, 0.4233823894336397,                  0
2,125,2.350988701644575016e-38,1.994880064110960531e-39,inf,inf, 2.000000000000001,  1.500000000000021,                  0,  39.92462927222662, 0.4233823894336397,                  0
2,126,1.175494350822287508e-38,9.974400320554802655e-40,inf,inf, 2.000000000000001,  1.500000000000021,                  0,  39.92462927222662, 0.4233823894336397,                  0
2,127,5.877471754111437540e-39,4.987200160277401327e-40,inf,inf, 2.000000000000001,  1.500000000000021,                  0,  39.92462927222662, 0.4233823894336397,                  0
2,128,2.938735877055718770e-39,2.493600080138700664e-40,inf,inf, 2.000000000000001,  1.500000000000021,                  0,  39.92462927222662, 0.4233823894336397,                  0
2,129,1.469367938527859385e-39,1.246800040069350332e-40,inf,inf, 2.000000000000001,  1.500000000000021,                  0,  39.92462927222662, 0.4233823894336397,                  0
2,130,7.346839692639296925e-40,6.234000200346751659e-41,inf,inf, 2.000000000000001,  1.500000000000021,                  0,  39.92462927222662, 0.4233823894336397,                  0
2,131,3.673419846319648462e-40,3.117000100173375830e-41,inf,inf, 2.000000000000001,  1.500000000000021,                  0,  39.92462927222662, 0.4233823894336397,                  0
2,132,1.836709923159824231e-40,1.558500050086687915e-41,inf,inf, 2.000000000000001,  1.500000000000021,                  0,  39.92462927222662, 0.4233823894336397,                  0
2,133,9.183549615799121156e-41,7.792500250433439574e-42,inf,inf, 2.000000000000001,  1.500000000000021,                  0,  39.92462927222662, 0.4233823894336397,                  0
2,134,4.591774807899560578e-41,3.896250125216719787e-42,inf,inf, 2.000000000000001,  1.500000000000021,                  0,  39.92462927222662, 0.4233823894336397,                  0
2,135,2.295887403949780289e-41,1.948125062608359893e-42,inf,inf, 2.000000000000001,  1.500000000000021,                  0,  39.92462927222662, 0.4233823894336397,                  0
2,136,1.147943701974890145e-41,9.740625313041799467e-43,inf,inf, 2.000000000000001,  1.500000000000021,                  0,  39.92462927222662, 0.4233823894336397,                  0
2,137,5.739718509874450723e-42,4.870312656520899734e-43,inf,inf, 2.000000000000001,  1.500000000000021,                  0,  39.92462927222662, 0.4233823894336397,                  0
2,138,2.869859254937225361e-42,2.435156328260449867e-43,inf,inf, 2.000000000000001,  1.500000000000021,                  0,  39.92462927222662, 0.4233823894336397,                  0
2,139,1.434929627468612681e-42,1.217578164130224933e-43,inf,inf, 2.000000000000001,  1.500000000000021,                  0,  39.92462927222662, 0.4233823894336397,                  0
2,140,7.174648137343063403e-43,6.087890820651124667e-44,inf,inf, 2.000000000000001,  1.500000000000021,                  0,  39.92462927222662, 0.4233823894336397,                  0
2,141,3.587324068671531702e-43,3.043945410325562334e-44,inf,inf, 2.000000000000001,  1.500000000000021,                  0,  39.92462927222662, 0.4233823894336397,                  0
2,142,1.793662034335765851e-43,1.521972705162781167e-44,inf,inf, 2.000000000000001,  1.500000000000021,                  0,  39.92462927222662, 0.4233823894336397,                  0
2,143,8.968310171678829254e-44,7.609863525813905834e-45,inf,inf, 2.000000000000001,  1.500000000000021,                  0,  39.92462927222662, 0.4233823894336397,                  0
2,144,4.484155085839414627e-44,3.804931762906952917e-45,inf,inf, 2.000000000000001,  1.500000000000021,                  0,  39.92462927222662, 0.4233823894336397,                  0
2,145,2.242077542919707313e-44,1.902465881453476458e-45,inf,inf, 2.000000000000001,  1.500000000000021,                  0,  39.92462927222662, 0.4233823894336397,                  0
2,146,1.121038771459853657e-44,9.512329407267382292e-46,inf,inf, 2.000000000000001,  1.500000000000021,                  0,  39.92462927222662, 0.4233823894336397,                  0
2,147,5.605193857299268284e-45,4.756164703633691146e-46,inf,inf, 2.000000000000001,  1.500000000000021,                  0,  39.92462927222662, 0.4233823894336397,                  0
2,148,2.802596928649634142e-45,2.378082351816845573e-46,inf,inf, 2.000000000000001,  1.500000000000021,                  0,  39.92462927222662, 0.4233823894336397,                  0
2,149,1.401298464324817071e-45,1.189041175908422787e-46,inf,inf, 2.000000000000001,  1.500000000000021,                  0,  39.92462927222662, 0.4233823894336397,                  0
2,150,7.006492321624085355e-46,5.945205879542113933e-47,inf,inf, 2.000000000000001,  1.500000000000021,                  0,  39.92462927222662, 0.4233823894336397,                  0
2,151,3.503246160812042677e-46,2.972602939771056966e-47,inf,inf, 2.000000000000001,  1.500000000000021,                  0,  39.92462927222662, 0.4233823894336397,                  0
2,152,1.751623080406021339e-46,1.486301469885528483e-47,inf,inf, 2.000000000000001,  1.500000000000021,                  0,  39.92462927222662, 0.4233823894336397,                  0
2,153,8.758115402030106693e-47,7.431507349427642416e-48,inf,inf, 2.000000000000001,  1.500000000000021,                  0,  39.92462927222662, 0.4233823894336397,                  0
2,154,4.379057701015053347e-47,3.715753674713821208e-48,inf,inf, 2.000000000000001,  1.500000000000021,                  0,  39.92462927222662, 0.4233823894336397,                  0
2,155,2.189528850507526673e-47,1.857876837356910604e-48,inf,inf, 2.000000000000001,  1.500000000000021,                  0,  39.92462927222662, 0.4233823894336397,                  0
2,156,1.094764425253763337e-47,9.289384186784553020e-49,inf,inf, 2.000000000000001,  1.500000000000021,                  0,  39.92462927222662, 0.4233823894336397,                  0
2,157,5.473822126268816683e-48,4.644692093392276510e-49,inf,inf, 2.000000000000001,  1.500000000000021,                  0,  39.92462927222662, 0.4233823894336397,                  0
2,158,2.736911063134408342e-48,2.322346046696138255e-49,inf,inf, 2.000000000000001,  1.500000000000021,                  0,  39.92462927222662, 0.4233823894336397,                  0
2,159,1.368455531567204171e-48,1.161173023348069127e-49,inf,inf, 2.000000000000001,  1.500000000000021,                  0,  39.92462927222662, 0.4233823894336397,                  0
2,160,6.842277657836020854e-49,5.805865116740345637e-50,inf,inf, 2.000000000000001,  1.500000000000021,                  0,  39.92462927222662, 0.4233823894336397,                  0
2,161,3.421138828918010427e-49,2.902932558370172819e-50,inf,inf, 2.000000000000001,  1.500000000000021,                  0,  39.92462927222662, 0.4233823894336397,                  0
2,162,1.710569414459005214e-49,1.451466279185086409e-50,inf,inf, 2.000000000000001,  1.500000000000021,                  0,  39.92462927222662, 0.4233823894336397,                  0
2,163,8.552847072295026068e-50,7.257331395925432047e-51,inf,inf, 2.000000000000001,  1.500000000000021,                  0,  39.92462927222662, 0.4233823894336397,                  0
2,164,4.276423536147513034e-50,3.628665697962716023e-51,inf,inf, 2.000000000000001,  1.500000000000021,                  0,  39.92462927222662, 0.4233823894336397,                  0
2,165,2.138211768073756517e-50,1.814332848981358012e-51,inf,inf, 2.000000000000001,  1.500000000000021,                  0,  39.92462927222662, 0.4233823894336397,                  0
2,166,1.069105884036878258e-50,9.071664244906790058e-52,inf,inf, 2.000000000000001,  1.500000000000021,                  0,  39.92462927222662, 0.4233823894336397,                  0
2,167,5.345529420184391292e-51,4.535832122453395029e-52,inf,inf, 2.000000000000001,  1.500000000000021,                  0,  39.92462927222662, 0.4233823894336397,                  0
2,168,2.672764710092195646e-51,2.267916061226697515e-52,inf,inf, 2.000000000000001,  1.500000000000021,                  0,  39.92462927222662, 0.4233823894336397,                  0
2,169,1.336382355046097823e-51,1.133958030613348757e-52,inf,inf, 2.000000000000001,  1.500000000000021,                  0,  39.92462927222662, 0.4233823894336397,                  0
2,170,6.681911775230489115e-52,5.669790153066743787e-53,inf,inf, 2.000000000000001,  1.500000000000021,                  0,  39.92462927222662, 0.4233823894336397,                  0
2,171,3.340955887615244558e-52,2.834895076533371893e-53,inf,inf, 2.000000000000001,  1.500000000000021,                  0,  39.92462927222662, 0.4233823894336397,                  0
2,172,1.670477943807622279e-52,1.417447538266685947e-53,inf,inf, 2.000000000000001,  1.500000000000021,                  0,  39.92462927222662, 0.4233823894336397,                  0
2,173,8.352389719038111394e-53,7.087237691333429733e-54,inf,inf, 2.000000000000001,  1.500000000000021,                  0,  39.92462927222662, 0.4233823894336397,                  0
2,174,4.176194859519055697e-53,3.543618845666714867e-54,inf,inf, 2.000000000000001,  1.500000000000021,                  0,  39.92462927222662, 0.4233823894336397,                  0
2,175,2.088097429759527849e-53,1.771809422833357433e-54,inf,inf, 2.000000000000001,  1.500000000000021,                  0,  39.92462927222662, 0.4233823894336397,                  0
2,176,1.044048714879763924e-53,8.859047114166787166e-55,inf,inf, 2.000000000000001,  1.500000000000021,                  0,  39.92462927222662, 0.4233823894336397,                  0
2,177,5.220243574398819621e-54,4.429523557083393583e-55,inf,inf, 2.000000000000001,  1.500000000000021,                  0,  39.92462927222662, 0.4233823894336397,                  0
2,178,2.610121787199409811e-54,2.214761778541696792e-55,inf,inf, 2.000000000000001,  1.500000000000021,                  0,  39.92462927222662, 0.4233823894336397,                  0
2,179,1.305060893599704905e-54,1.107380889270848396e-55,inf,inf, 2.000000000000001,  1.500000000000021,                  0,  39.92462927222662, 0.4233823894336397,                  0
2,180,6.525304467998524527e-55,5.536904446354241979e-56,inf,inf, 2.000000000000001,  1.500000000000021,                  0,  39.92462927222662, 0.4233823894336397,                  0
2,181,3.262652233999262263e-55,2.768452223177120990e-56,inf,inf, 2.000000000000001,  1.500000000000021,                  0,  39.92462927222662, 0.4233823894336397,                  0
2,182,1.631326116999631132e-55,1.384226111588560495e-56,inf,inf, 2.000000000000001,  1.500000000000021,                  0,  39.92462927222662, 0.4233823894336397,                  0
2,183,8.156630584998155658e-56,6.921130557942802474e-57,inf,inf, 2.000000000000001,  1.500000000000021,                  0,  39.92462927222662, 0.4233823894336397,                  0
2,184,4.078315292499077829e-56,3.460565278971401237e-57,inf,inf, 2.000000000000001,  1.500000000000021,                  0,  39.92462927222662, 0.4233823894336397,                  0
2,185,2.039157646249538915e-56,1.730282639485700618e-57,inf,inf, 2.000000000000001,  1.500000000000021,                  0,  39.92462927222662, 0.4233823894336397,                  0
2,186,1.019578823124769457e-56,8.651413197428503092e-58,inf,inf, 2.000000000000001,  1.500000000000021,                  0,  39.92462927222662, 0.4233823894336397,                  0
2,187,5.097894115623847286e-57,4.325706598714251546e-58,inf,inf, 2.000000000000001,  1.500000000000021,                  0,  39.92462927222662, 0.4233823894336397,                  0
2,188,2.548947057811923643e-57,2.162853299357125773e-58,inf,inf, 2.000000000000001,  1.500000000000021,                  0,  39.92462927222662, 0.4233823894336397,                  0
2,189,1.274473528905961822e-57,1.081426649678562887e-58,inf,inf, 2.000000000000001,  1.500000000000021,                  0,  39.92462927222662, 0.4233823894336397,                  0
2,190,6.372367644529809108e-58,5.407133248392814433e-59,inf,inf, 2.000000000000001,  1.500000000000021,                  0,  39.92462927222662, 0.4233823894336397,                  0
2,191,3.186183822264904554e-58,2.703566624196407216e-59,inf,inf, 2.000000000000001,  1.500000000000021,                  0,  39.92462927222662, 0.4233823894336397,                  0
2,192,1.593091911132452277e-58,1.351783312098203608e-59,inf,inf, 2.000000000000001,  1.500000000000021,                  0,  39.92462927222662, 0.4233823894336397,                  0
2,193,7.965459555662261385e-59,6.758916560491018041e-60,inf,inf, 2.000000000000001,  1.500000000000021,                  0,  39.92462927222662, 0.4233823894336397,                  0
2,194,3.982729777831130693e-59,3.379458280245509020e-60,inf,inf, 2.000000000000001,  1.500000000000021,                  0,  39.92462927222662, 0.4233823894336397,                  0
2,195,1.991364888915565346e-59,1.689729140122754510e-60,inf,inf, 2.000000000000001,  1.500000000000021,                  0,  39.92462927222662, 0.4233823894336397,                  0
2,196,9.956824444577826731e-60,8.448645700613772551e-61,inf,inf, 2.000000000000001,  1.500000000000021,                  0,  39.92462927222662, 0.4233823894336397,                  0
2,197,4.978412222288913366e-60,4.224322850306886275e-61,inf,inf, 2.000000000000001,  1.500000000000021,                  0,  39.92462927222662, 0.4233823894336397,                  0
2,198,2.489206111144456683e-60,2.112161425153443138e-61,inf,inf, 2.000000000000001,  1.500000000000021,                  0,  39.92462927222662, 0.4233823894336397,                  0
2,199,1.244603055572228341e-60,1.056080712576721569e-61,inf,inf, 2.000000000000001,  1.500000000000021,                  0,  39.92462927222662, 0.4233823894336397,                  0
2,200,6.223015277861141707e-61,5.280403562883607844e-62,inf,inf, 2.000000000000001,  1.500000000000021,                  0,  39.92462927222662, 0.4233823894336397,                  0
2,201,3.111507638930570854e-61,2.640201781441803922e-62,inf,inf, 2.000000000000001,  1.500000000000021,                  0,  39.92462927222662, 0.4233823894336397,                  0
2,202,1.555753819465285427e-61,1.320100890720901961e-62,inf,inf, 2.000000000000001,  1.500000000000021,                  0,  39.92462927222662, 0.4233823894336397,                  0
2,203,7.778769097326427134e-62,6.600504453604509805e-63,inf,inf, 2.000000000000001,  1.500000000000021,                  0,  39.92462927222662, 0.4233823894336397,                  0
2,204,3.889384548663213567e-62,3.300252226802254903e-63,inf,inf, 2.000000000000001,  1.500000000000021,                  0,  39.92462927222662, 0.4233823894336397,                  0
2,205,1.944692274331606783e-62,1.650126113401127451e-63,inf,inf, 2.000000000000001,  1.500000000000021,                  0,  39.92462927222662, 0.4233823894336397,                  0
2,206,9.723461371658033917e-63,8.250630567005637257e-64,inf,inf, 2.000000000000001,  1.500000000000021,                  0,  39.92462927222662, 0.4233823894336397,                  0
2,207,4.861730685829016959e-63,4.125315283502818628e-64,inf,inf, 2.000000000000001,  1.500000000000021,                  0,  39.92462927222662, 0.4233823894336397,                  0
2,208,2.430865342914508479e-63,2.062657641751409314e-64,inf,inf, 2.000000000000001,  1.500000000000021,                  0,  39.92462927222662, 0.4233823894336397,                  0
2,209,1.215432671457254240e-63,1.031328820875704657e-64,inf,inf, 2.000000000000001,  1.500000000000021,                  0,  39.92462927222662, 0.4233823894336397,                  0
2,210,6.077163357286271198e-64,5.156644104378523286e-65,inf,inf, 2.000000000000001,  1.500000000000021,                  0,  39.92462927222662, 0.4233823894336397,                  0
2,211,3.038581678643135599e-64,2.578322052189261643e-65,inf,inf, 2.000000000000001,  1.500000000000021,                  0,  39.92462927222662, 0.4233823894336397,                  0
2,212,1.519290839321567800e-64,1.289161026094630821e-65,inf,inf, 2.000000000000001,  1.500000000000021,                  0,  39.92462927222662, 0.4233823894336397,                  0
2,213,7.596454196607838998e-65,6.445805130473154107e-66,inf,inf, 2.000000000000001,  1.500000000000021,                  0,  39.92462927222662, 0.4233823894336397,                  0
2,214,3.798227098303919499e-65,3.222902565236577053e-66,inf,inf, 2.000000000000001,  1.500000000000021,                  0,  39.92462927222662, 0.4233823894336397,                  0
2,215,1.899113549151959749e-65,1.611451282618288527e-66,inf,inf, 2.000000000000001,  1.500000000000021,                  0,  39.92462927222662, 0.4233823894336397,                  0
2,216,9.495567745759798747e-66,8.057256413091442634e-67,inf,inf, 2.000000000000001,  1.500000000000021,                  0,  39.92462927222662, 0.4233823894336397,                  0
2,217,4.747783872879899374e-66,4.028628206545721317e-67,inf,inf, 2.000000000000001,  1.500000000000021,                  0,  39.92462927222662, 0.4233823894336397,                  0
2,218,2.373891936439949687e-66,2.014314103272860658e-67,inf,inf, 2.000000000000001,  1.500000000000021,                  0,  39.92462927222662, 0.4233823894336397,                  0
2,219,1.186945968219974843e-66,1.007157051636430329e-67,inf,inf, 2.000000000000001,  1.500000000000021,                  0,  39.92462927222662, 0.4233823894336397,                  0
2,220,5.934729841099874217e-67,5.035785258182151646e-68,inf,inf, 2.000000000000001,  1.500000000000021,                  0,  39.92462927222662, 0.4233823894336397,                  0
2,221,2.967364920549937109e-67,2.517892629091075823e-68,inf,inf, 2.000000000000001,  1.500000000000021,                  0,  39.92462927222662, 0.4233823894336397,                  0
2,222,1.483682460274968554e-67,1.258946314545537912e-68,inf,inf, 2.000000000000001,  1.500000000000021,                  0,  39.92462927222662, 0.4233823894336397,                  0
2,223,7.418412301374842771e-68,6.294731572727689558e-69,inf,inf, 2.000000000000001,  1.500000000000021,                  0,  39.92462927222662, 0.4233823894336397,                  0
2,224,3.709206150687421386e-68,3.147365786363844779e-69,inf,inf, 2.000000000000001,  1.500000000000021,                  0,  39.92462927222662, 0.4233823894336397,                  0
2,225,1.854603075343710693e-68,1.573682893181922389e-69,inf,inf, 2.000000000000001,  1.500000000000021,                  0,  39.92462927222662, 0.4233823894336397,                  0
2,226,9.273015376718553464e-69,7.868414465909611947e-70,inf,inf, 2.000000000000001,  1.500000000000021,                  0,  39.92462927222662, 0.4233823894336397,                  0
2,227,4.636507688359276732e-69,3.934207232954805973e-70,inf,inf, 2.000000000000001,  1.500000000000021,                  0,  39.92462927222662, 0.4233823894336397,                  0
2,228,2.318253844179638366e-69,1.967103616477402987e-70,inf,inf, 2.000000000000001,  1.500000000000021,                  0,  39.92462927222662, 0.4233823894336397,                  0
2,229,1.159126922089819183e-69,9.835518082387014934e-71,inf,inf, 2.000000000000001,  1.500000000000021,                  0,  39.92462927222662, 0.4233823894336397,                  0
2,230,5.795634610449095915e-70,4.917759041193507467e-71,inf,inf, 2.000000000000001,  1.500000000000021,                  0,  39.92462927222662, 0.4233823894336397,                  0
2,231,2.897817305224547958e-70,2.458879520596753733e-71,inf,inf, 2.000000000000001,  1.500000000000021,                  0,  39.92462927222662, 0.4233823894336397,                  0
2,232,1.448908652612273979e-70,1.229439760298376867e-71,inf,inf, 2.000000000000001,  1.500000000000021,                  0,  39.92462927222662, 0.4233823894336397,                  0
2,233,7.244543263061369894e-71,6.147198801491884334e-72,inf,inf, 2.000000000000001,  1.500000000000021,                  0,  39.92462927222662, 0.4233823894336397,                  0
2,234,3.622271631530684947e-71,3.073599400745942167e-72,inf,inf, 2.000000000000001,  1.500000000000021,                  0,  39.92462927222662, 0.4233823894336397,                  0
2,235,1.811135815765342474e-71,1.536799700372971083e-72,inf,inf, 2.000000000000001,  1.500000000000021,                  0,  39.92462927222662, 0.4233823894336397,                  0
2,236,9.055679078826712368e-72,7.683998501864855417e-73,inf,inf, 2.000000000000001,  1.500000000000021,                  0,  39.92462927222662, 0.4233823894336397,                  0
2,237,4.527839539413356184e-72,3.841999250932427708e-73,inf,inf, 2.000000000000001,  1.500000000000021,                  0,  39.92462927222662, 0.4233823894336397,                  0
2,238,2.263919769706678092e-72,1.920999625466213854e-73,inf,inf, 2.000000000000001,  1.500000000000021,                  0,  39.92462927222662, 0.4233823894336397,                  0
2,239,1.131959884853339046e-72,9.604998127331069271e-74,inf,inf, 2.000000000000001,  1.500000000000021,                  0,  39.92462927222662, 0.4233823894336397,                  0
2,240,5.659799424266695230e-73,4.802499063665534636e-74,inf,inf, 2.000000000000001,  1.500000000000021,                  0,  39.92462927222662, 0.4233823894336397,                  0
2,241,2.829899712133347615e-73,2.401249531832767318e-74,inf,inf, 2.000000000000001,  1.500000000000021,                  0,  39.92462927222662, 0.4233823894336397,                  0
2,242,1.414949856066673807e-73,1.200624765916383659e-74,inf,inf, 2.000000000000001,  1.500000000000021,                  0,  39.92462927222662, 0.4233823894336397,                  0
2,243,7.074749280333369037e-74,6.003123829581918294e-75,inf,inf, 2.000000000000001,  1.500000000000021,                  0,  39.92462927222662, 0.4233823894336397,                  0
2,244,3.537374640166684519e-74,3.001561914790959147e-75,inf,inf, 2.000000000000001,  1.500000000000021,                  0,  39.92462927222662, 0.4233823894336397,                  0
2,245,1.768687320083342259e-74,1.500780957395479574e-75,inf,inf, 2.000000000000001,  1.500000000000021,                  0,  39.92462927222662, 0.4233823894336397,                  0
2,246,8.843436600416711296e-75,7.503904786977397868e-76,inf,inf, 2.000000000000001,  1.500000000000021,                  0,  39.92462927222662, 0.4233823894336397,                  0
2,247,4.421718300208355648e-75,3.751952393488698934e-76,inf,inf, 2.000000000000001,  1.500000000000021,                  0,  39.92462927222662, 0.4233823894336397,                  0
2,248,2.210859150104177824e-75,1.875976196744349467e-76,inf,inf, 2.000000000000001,  1.500000000000021,                  0,  39.92462927222662, 0.4233823894336397,                  0
2,249,1.105429575052088912e-75,9.379880983721747335e-77,inf,inf, 2.000000000000001,  1.500000000000021,                  0,  39.92462927222662, 0.4233823894336397,                  0
2,250,5.527147875260444560e-76,4.689940491860873668e-77,inf,inf, 2.000000000000001,  1.500000000000021,                  0,  39.92462927222662, 0.4233823894336397,                  0
2,251,2.763573937630222280e-76,2.344970245930436834e-77,inf,inf, 2.000000000000001,  1.500000000000021,                  0,  39.92462927222662, 0.4233823894336397,                  0
2,252,1.381786968815111140e-76,1.172485122965218417e-77,inf,inf, 2.000000000000001,  1.500000000000021,                  0,  39.92462927222662, 0.4233823894336397,                  0
2,253,6.908934844075555700e-77,5.862425614826092084e-78,inf,inf, 2.000000000000001,  1.500000000000021,                  0,  39.92462927222662, 0.4233823894336397,                  0
2,254,3.454467422037777850e-77,2.931212807413046042e-78,inf,inf, 2.000000000000001,  1.500000000000021,                  0,  39.92462927222662, 0.4233823894336397,                  0
2,255,1.727233711018888925e-77,1.465606403706523021e-78,inf,inf, 2.000000000000001,  1.500000000000021,                  0,  39.92462927222662, 0.4233823894336397,                  0
2,256,8.636168555094444625e-78,7.328032018532615106e-79,inf,inf, 2.000000000000001,  1.500000000000021,                  0,  39.92462927222662, 0.4233823894336397,                  0
2,257,4.318084277547222313e-78,3.664016009266307553e-79,inf,inf, 2.000000000000001,  1.500000000000021,                  0,  39.92462927222662, 0.4233823894336397,                  0
2,258,2.159042138773611156e-78,1.832008004633153776e-79,inf,inf, 2.000000000000001,  1.500000000000021,                  0,  39.92462927222662, 0.4233823894336397,                  0
2,259,1.079521069386805578e-78,9.160040023165768882e-80,inf,inf, 2.000000000000001,  1.500000000000021,                  0,  39.92462927222662, 0.4233823894336397,                  0
2,260,5.397605346934027891e-79,4.580020011582884441e-80,inf,inf, 2.000000000000001,  1.500000000000021,                  0,  39.92462927222662, 0.4233823894336397,                  0
2,261,2.698802673467013945e-79,2.290010005791442220e-80,inf,inf, 2.000000000000001,  1.500000000000021,                  0,  39.92462927222662, 0.4233823894336397,                  0
2,262,1.349401336733506973e-79,1.145005002895721110e-80,inf,inf, 2.000000000000001,  1.500000000000021,                  0,  39.92462927222662, 0.4233823894336397,                  0
2,263,6.747006683667534864e-80,5.725025014478605551e-81,inf,inf, 2.000000000000001,  1.500000000000021,                  0,  39.92462927222662, 0.4233823894336397,                  0
2,264,3.373503341833767432e-80,2.862512507239302776e-81,inf,inf, 2.000000000000001,  1.500000000000021,                  0,  39.92462927222662, 0.4233823894336397,                  0
2,265,1.686751670916883716e-80,1.431256253619651388e-81,inf,inf, 2.000000000000001,  1.500000000000021,                  0,  39.92462927222662, 0.4233823894336397,                  0
2,266,8.433758354584418579e-81,7.156281268098256939e-82,inf,inf, 2.000000000000001,  1.500000000000021,                  0,  39.92462927222662, 0.4233823894336397,                  0
2,267,4.216879177292209290e-81,3.578140634049128469e-82,inf,inf, 2.000000000000001,  1.500000000000021,                  0,  39.92462927222662, 0.4233823894336397,                  0
2,268,2.108439588646104645e-81,1.789070317024564235e-82,inf,inf, 2.000000000000001,  1.500000000000021,                  0,  39.92462927222662, 0.4233823894336397,                  0
2,269,1.054219794323052322e-81,8.945351585122821174e-83,inf,inf, 2.000000000000001,  1.500000000000021,                  0,  39.92462927222662, 0.4233823894336397,                  0
2,270,5.271098971615261612e-82,4.472675792561410587e-83,inf,inf, 2.000000000000001,  1.500000000000021,                  0,  39.92462927222662, 0.4233823894336397,                  0
2,271,2.635549485807630806e-82,2.236337896280705293e-83,inf,inf, 2.000000000000001,  1.500000000000021,                  0,  39.92462927222662, 0.4233823894336397,                  0
2,272,1.317774742903815403e-82,1.118168948140352647e-83,inf,inf, 2.000000000000001,  1.500000000000021,                  0,  39.92462927222662, 0.4233823894336397,                  0
2,273,6.588873714519077015e-83,5.590844740701763234e-84,inf,inf, 2.000000000000001,  1.500000000000021,                  0,  39.92462927222662, 0.4233823894336397,                  0
2,274,3.294436857259538508e-83,2.795422370350881617e-84,inf,inf, 2.000000000000001,  1.500000000000021,                  0,  39.92462927222662, 0.4233823894336397,                  0
2,275,1.647218428629769254e-83,1.397711185175440808e-84,inf,inf, 2.000000000000001,  1.500000000000021,                  0,  39.92462927222662, 0.4233823894336397,                  0
2,276,8.236092143148846269e-84,6.988555925877204042e-85,inf,inf, 2.000000000000001,  1.500000000000021,                  0,  39.92462927222662, 0.4233823894336397,                  0
2,277,4.118046071574423135e-84,3.494277962938602021e-85,inf,inf, 2.000000000000001,  1.500000000000021,                  0,  39.92462927222662, 0.4233823894336397,                  0
2,278,2.059023035787211567e-84,1.747138981469301010e-85,inf,inf, 2.000000000000001,  1.500000000000021,                  0,  39.92462927222662, 0.4233823894336397,                  0
2,279,1.029511517893605784e-84,8.735694907346505052e-86,inf,inf, 2.000000000000001,  1.500000000000021,                  0,  39.92462927222662, 0.4233823894336397,                  0
2,280,5.147557589468028918e-85,4.367847453673252526e-86,inf,inf, 2.000000000000001,  1.500000000000021,                  0,  39.92462927222662, 0.4233823894336397,                  0
2,281,2.573778794734014459e-85,2.183923726836626263e-86,inf,inf, 2.000000000000001,  1.500000000000021,                  0,  39.92462927222662, 0.4233823894336397,                  0
2,282,1.286889397367007230e-85,1.091961863418313132e-86,inf,inf, 2.000000000000001,  1.500000000000021,                  0,  39.92462927222662, 0.4233823894336397,                  0
2,283,6.434446986835036148e-86,5.459809317091565658e-87,inf,inf, 2.000000000000001,  1.500000000000021,                  0,  39.92462927222662, 0.4233823894336397,                  0
2,284,3.217223493417518074e-86,2.729904658545782829e-87,inf,inf, 2.000000000000001,  1.500000000000021,                  0,  39.92462927222662, 0.4233823894336397,                  0
2,285,1.608611746708759037e-86,1.364952329272891414e-87,inf,inf, 2.000000000000001,  1.500000000000021,                  0,  39.92462927222662, 0.4233823894336397,                  0
2,286,8.043058733543795185e-87,6.824761646364457072e-88,inf,inf, 2.000000000000001,  1.500000000000021,                  0,  39.92462927222662, 0.4233823894336397,                  0
2,287,4.021529366771897592e-87,3.412380823182228536e-88,inf,inf, 2.000000000000001,  1.500000000000021,                  0,  39.92462927222662, 0.4233823894336397,                  0
2,288,2.010764683385948796e-87,1.706190411591114268e-88,inf,inf, 2.000000000000001,  1.500000000000021,                  0,  39.92462927222662, 0.4233823894336397,                  0
2,289,1.005382341692974398e-87,8.530952057955571340e-89,inf,inf, 2.000000000000001,  1.500000000000021,                  0,  39.92462927222662, 0.4233823894336397,                  0
2,290,5.026911708464871990e-88,4.265476028977785670e-89,inf,inf, 2.000000000000001,  1.500000000000021,                  0,  39.92462927222662, 0.4233823894336397,                  0
2,291,2.513455854232435995e-88,2.132738014488892835e-89,inf,inf, 2.000000000000001,  1.500000000000021,                  0,  39.92462927222662, 0.4233823894336397,                  0
2,292,1.256727927116217998e-88,1.066369007244446418e-89,inf,inf, 2.000000000000001,  1.500000000000021,                  0,  39.92462927222662, 0.4233823894336397,                  0
2,293,6.283639635581089988e-89,5.331845036222232088e-90,inf,inf, 2.000000000000001,  1.500000000000021,                  0,  39.92462927222662, 0.4233823894336397,                  0
2,294,3.141819817790544994e-89,2.665922518111116044e-90,inf,inf, 2.000000000000001,  1.500000000000021,                  0,  39.92462927222662, 0.4233823894336397,                  0
2,295,1.570909908895272497e-89,1.332961259055558022e-90,inf,inf, 2.000000000000001,  1.500000000000021,                  0,  39.92462927222662, 0.4233823894336397,                  0
2,296,7.854549544476362485e-90,6.664806295277790110e-91,inf,inf, 2.000000000000001,  1.500000000000021,                  0,  39.92462927222662, 0.4233823894336397,                  0
2,297,3.927274772238181242e-90,3.332403147638895055e-91,inf,inf, 2.000000000000001,  1.500000000000021,                  0,  39.92462927222662, 0.4233823894336397,                  0
2,298,1.963637386119090621e-90,1.666201573819447527e-91,inf,inf, 2.000000000000001,  1.500000000000021,                  0,  39.92462927222662, 0.4233823894336397,                  0
2,299,9.818186930595453106e-91,8.331007869097237637e-92,inf,inf, 2.000000000000001,  1.500000000000021,                  0,  39.92462927222662, 0.4233823894336397,                  0
2,300,4.909093465297726553e-91,4.165503934548618819e-92,inf,inf, 2.000000000000001,  1.500000000000021,                  0,  39.92462927222662, 0.4233823894336397,                  0
2,301,2.454546732648863277e-91,2.082751967274309409e-92,inf,inf, 2.000000000000001,  1.500000000000021,                  0,  39.92462927222662, 0.4233823894336397,                  0
2,302,1.227273366324431638e-91,1.041375983637154705e-92,inf,inf, 2.000000000000001,  1.500000000000021,                  0,  39.92462927222662, 0.4233823894336397,                  0
2,303,6.136366831622158191e-92,5.206879918185773523e-93,inf,inf, 2.000000000000001,  1.500000000000021,                  0,  39.92462927222662, 0.4233823894336397,                  0
2,304,3.068183415811079096e-92,2.603439959092886762e-93,inf,inf, 2.000000000000001,  1.500000000000021,                  0,  39.92462927222662, 0.4233823894336397,                  0
2,305,1.534091707905539548e-92,1.301719979546443381e-93,inf,inf, 2.000000000000001,  1.500000000000021,                  0,  39.92462927222662, 0.4233823894336397,                  0
2,306,7.670458539527697739e-93,6.508599897732216904e-94,inf,inf, 2.000000000000001,  1.500000000000021,                  0,  39.92462927222662, 0.4233823894336397,                  0
2,307,3.835229269763848870e-93,3.254299948866108452e-94,inf,inf, 2.000000000000001,  1.500000000000021,                  0,  39.92462927222662, 0.4233823894336397,                  0
2,308,1.917614634881924435e-93,1.627149974433054226e-94,inf,inf, 2.000000000000001,  1.500000000000021,                  0,  39.92462927222662, 0.4233823894336397,                  0
2,309,9.588073174409622174e-94,8.135749872165271130e-95,inf,inf, 2.000000000000001,  1.500000000000021,                  0,  39.92462927222662, 0.4233823894336397,                  0
2,310,4.794036587204811087e-94,4.067874936082635565e-95,inf,inf, 2.000000000000001,  1.500000000000021,                  0,  39.92462927222662, 0.4233823894336397,                  0
2,311,2.397018293602405544e-94,2.033937468041317782e-95,inf,inf, 2.000000000000001,  1.500000000000021,                  0,  39.92462927222662, 0.4233823894336397,                  0
2,312,1.198509146801202772e-94,1.016968734020658891e-95,inf,inf, 2.000000000000001,  1.500000000000021,                  0,  39.92462927222662, 0.4233823894336397,                  0
2,313,5.992545734006013859e-95,5.084843670103294456e-96,inf,inf, 2.000000000000001,  1.500000000000021,                  0,  39.92462927222662, 0.4233823894336397,                  0
2,314,2.996272867003006929e-95,2.542421835051647228e-96,inf,inf, 2.000000000000001,  1.500000000000021,                  0,  39.92462927222662, 0.4233823894336397,                  0
2,315,1.498136433501503465e-95,1.271210917525823614e-96,inf,inf, 2.000000000000001,  1.500000000000021,                  0,  39.92462927222662, 0.4233823894336397,                  0
2,316,7.490682167507517323e-96,6.356054587629118070e-97,inf,inf, 2.000000000000001,  1.500000000000021,                  0,  39.92462927222662, 0.4233823894336397,                  0
2,317,3.745341083753758662e-96,3.178027293814559035e-97,inf,inf, 2.000000000000001,  1.500000000000021,                  0,  39.92462927222662, 0.4233823894336397,                  0
2,318,1.872670541876879331e-96,1.589013646907279518e-97,inf,inf, 2.000000000000001,  1.500000000000021,                  0,  39.92462927222662, 0.4233823894336397,                  0
2,319,9.363352709384396654e-97,7.945068234536397588e-98,inf,inf, 2.000000000000001,  1.500000000000021,                  0,  39.92462927222662, 0.4233823894336397,                  0
2,320,4.681676354692198327e-97,3.972534117268198794e-98,inf,inf, 2.000000000000001,  1.500000000000021,                  0,  39.92462927222662, 0.4233823894336397,                  0
2,321,2.340838177346099164e-97,1.986267058634099397e-98,inf,inf, 2.000000000000001,  1.500000000000021,                  0,  39.92462927222662, 0.4233823894336397,                  0
2,322,1.170419088673049582e-97,9.931335293170496985e-99,inf,inf, 2.000000000000001,  1.500000000000021,                  0,  39.92462927222662, 0.4233823894336397,                  0
2,323,5.852095443365247909e-98,4.965667646585248492e-99,inf,inf, 2.000000000000001,  1.500000000000021,                  0,  39.92462927222662, 0.4233823894336397,                  0
2,324,2.926047721682623954e-98,2.482833823292624246e-99,inf,inf, 2.000000000000001,  1.500000000000021,                  0,  39.92462927222662, 0.4233823894336397,                  0
2,325,1.463023860841311977e-98,1.241416911646312123e-99,inf,inf, 2.000000000000001,  1.500000000000021,                  0,  39.92462927222662, 0.4233823894336397,                  0
2,326,7.315119304206559886e-99,6.207084558231560615e-100,inf,inf, 2.000000000000001,  1.500000000000021,                  0,  39.92462927222662, 0.4233823894336397,                  0
2,327,3.657559652103279943e-99,3.103542279115780308e-100,inf,inf, 2.000000000000001,  1.500000000000021,                  0,  39.92462927222662, 0.4233823894336397,                  0
2,328,1.828779826051639972e-99,1.551771139557890154e-100,inf,inf, 2.000000000000001,  1.500000000000021,                  0,  39.92462927222662, 0.4233823894336397,                  0
2,329,9.143899130258199858e-100,7.758855697789450769e-101,inf,inf, 2.000000000000001,  1.500000000000021,                  0,  39.92462927222662, 0.4233823894336397,                  0
2,330,4.571949565129099929e-100,3.879427848894725385e-101,inf,inf, 2.000000000000001,  1.500000000000021,                  0,  39.92462927222662, 0.4233823894336397,                  0
2,331,2.285974782564549964e-100,1.939713924447362692e-101,inf,inf, 2.000000000000001,  1.500000000000021,                  0,  39.92462927222662, 0.4233823894336397,                  0
2,332,1.142987391282274982e-100,9.698569622236813462e-102,inf,inf, 2.000000000000001,  1.500000000000021,                  0,  39.92462927222662, 0.4233823894336397,                  0
2,333,5.714936956411374911e-101,4.849284811118406731e-102,inf,inf, 2.000000000000001,  1.500000000000021,                  0,  39.92462927222662, 0.4233823894336397,                  0
2,334,2.857468478205687456e-101,2.424642405559203365e-102,inf,inf, 2.000000000000001,  1.500000000000021,                  0,  39.92462927222662, 0.4233823894336397,                  0
2,335,1.428734239102843728e-101,1.212321202779601683e-102,inf,inf, 2.000000000000001,  1.500000000000021,                  0,  39.92462927222662, 0.4233823894336397,                  0
2,336,7.143671195514218639e-102,6.061606013898008414e-103,inf,inf, 2.000000000000001,  1.500000000000021,                  0,  39.92462927222662, 0.4233823894336397,                  0
2,337,3.571835597757109319e-102,3.030803006949004207e-103,inf,inf, 2.000000000000001,  1.500000000000021,                  0,  39.92462927222662, 0.4233823894336397,                  0
2,338,1.785917798878554660e-102,1.515401503474502103e-103,inf,inf, 2.000000000000001,  1.500000000000021,                  0,  39.92462927222662, 0.4233823894336397,                  0
2,339,8.929588994392773299e-103,7.577007517372510517e-104,inf,inf, 2.000000000000001,  1.500000000000021,                  0,  39.92462927222662, 0.4233823894336397,                  0
2,340,4.464794497196386649e-103,3.788503758686255258e-104,inf,inf, 2.000000000000001,  1.500000000000021,                  0,  39.92462927222662, 0.4233823894336397,                  0
2,341,2.232397248598193325e-103,1.894251879343127629e-104,inf,inf, 2.000000000000001,  1.500000000000021,                  0,  39.92462927222662, 0.4233823894336397,                  0
2,342,1.116198624299096662e-103,9.471259396715638146e-105,inf,inf, 2.000000000000001,  1.500000000000021,                  0,  39.92462927222662, 0.4233823894336397,                  0
2,343,5.580993121495483312e-104,4.735629698357819073e-105,inf,inf, 2.000000000000001,  1.500000000000021,                  0,  39.92462927222662, 0.4233823894336397,                  0
2,344,2.790496560747741656e-104,2.367814849178909537e-105,inf,inf, 2.000000000000001,  1.500000000000021,                  0,  39.92462927222662, 0.4233823894336397,                  0
2,345,1.395248280373870828e-104,1.183907424589454768e-105,inf,inf, 2.000000000000001,  1.500000000000021,                  0,  39.92462927222662, 0.4233823894336397,                  0
2,346,6.976241401869354140e-105,5.919537122947273841e-106,inf,inf, 2.000000000000001,  1.500000000000021,                  0,  39.92462927222662, 0.4233823894336397,                  0
2,347,3.488120700934677070e-105,2.959768561473636921e-106,inf,inf, 2.000000000000001,  1.500000000000021,                  0,  39.92462927222662, 0.4233823894336397,                  0
2,348,1.744060350467338535e-105,1.479884280736818460e-106,inf,inf, 2.000000000000001,  1.500000000000021,                  0,  39.92462927222662, 0.4233823894336397,                  0
2,349,8.720301752336692674e-106,7.399421403684092302e-107,inf,inf, 2.000000000000001,  1.500000000000021,                  0,  39.92462927222662, 0.4233823894336397,                  0
2,350,4.360150876168346337e-106,3.699710701842046151e-107,inf,inf, 2.000000000000001,  1.500000000000021,                  0,  39.92462927222662, 0.4233823894336397,                  0
2,351,2.180075438084173169e-106,1.849855350921023075e-107,inf,inf, 2.000000000000001,  1.500000000000021,                  0,  39.92462927222662, 0.4233823894336397,                  0
2,352,1.090037719042086584e-106,9.249276754605115377e-108,inf,inf, 2.000000000000001,  1.500000000000021,                  0,  39.92462927222662, 0.4233823894336397,                  0
2,353,5.450188595210432921e-107,4.624638377302557689e-108,inf,inf, 2.000000000000001,  1.500000000000021,                  0,  39.92462927222662, 0.4233823894336397,                  0
2,354,2.725094297605216461e-107,2.312319188651278844e-108,inf,inf, 2.000000000000001,  1.500000000000021,                  0,  39.92462927222662, 0.4233823894336397,                  0
2,355,1.362547148802608230e-107,1.156159594325639422e-108,inf,inf, 2.000000000000001,  1.500000000000021,                  0,  39.92462927222662, 0.4233823894336397,                  0
2,356,6.812735744013041152e-108,5.780797971628197111e-109,inf,inf, 2.000000000000001,  1.500000000000021,                  0,  39.92462927222662, 0.4233823894336397,                  0
2,357,3.406367872006520576e-108,2.890398985814098555e-109,inf,inf, 2.000000000000001,  1.500000000000021,                  0,  39.92462927222662, 0.4233823894336397,                  0
2,358,1.703183936003260288e-108,1.445199492907049278e-109,inf,inf, 2.000000000000001,  1.500000000000021,                  0,  39.92462927222662, 0.4233823894336397,                  0
2,359,8.515919680016301440e-109,7.225997464535246388e-110,inf,inf, 2.000000000000001,  1.500000000000021,                  0,  39.92462927222662, 0.4233823894336397,                  0
2,360,4.257959840008150720e-109,3.612998732267623194e-110,inf,inf, 2.000000000000001,  1.500000000000021,                  0,  39.92462927222662, 0.4233823894336397,                  0
2,361,2.128979920004075360e-109,1.806499366133811597e-110,inf,inf, 2.000000000000001,  1.500000000000021,                  0,  39.92462927222662, 0.4233823894336397,                  0
2,362,1.064489960002037680e-109,9.032496830669057985e-111,inf,inf, 2.000000000000001,  1.500000000000021,                  0,  39.92462927222662, 0.4233823894336397,                  0
2,363,5.322449800010188400e-110,4.516248415334528993e-111,inf,inf, 2.000000000000001,  1.500000000000021,                  0,  39.92462927222662, 0.4233823894336397,                  0
2,364,2.661224900005094200e-110,2.258124207667264496e-111,inf,inf, 2.000000000000001,  1.500000000000021,                  0,  39.92462927222662, 0.4233823894336397,                  0
2,365,1.330612450002547100e-110,1.129062103833632248e-111,inf,inf, 2.000000000000001,  1.500000000000021,                  0,  39.92462927222662, 0.4233823894336397,                  0
2,366,6.653062250012735500e-111,5.645310519168161241e-112,inf,inf, 2.000000000000001,  1.500000000000021,                  0,  39.92462927222662, 0.4233823894336397,                  0
2,367,3.326531125006367750e-111,2.822655259584080620e-112,inf,inf, 2.000000000000001,  1.500000000000021,                  0,  39.92462927222662, 0.4233823894336397,                  0
2,368,1.663265562503183875e-111,1.411327629792040310e-112,inf,inf, 2.000000000000001,  1.500000000000021,                  0,  39.92462927222662, 0.4233823894336397,                  0
2,369,8.316327812515919375e-112,7.056638148960201551e-113,inf,inf, 2.000000000000001,  1.500000000000021,                  0,  39.92462927222662, 0.4233823894336397,                  0
2,370,4.158163906257959687e-112,3.528319074480100776e-113,inf,inf, 2.000000000000001,  1.500000000000021,                  0,  39.92462927222662, 0.4233823894336397,                  0
2,371,2.079081953128979844e-112,1.764159537240050388e-113,inf,inf, 2.000000000000001,  1.500000000000021,                  0,  39.92462927222662, 0.4233823894336397,                  0
2,372,1.039540976564489922e-112,8.820797686200251939e-114,inf,inf, 2.000000000000001,  1.500000000000021,                  0,  39.92462927222662, 0.4233823894336397,                  0
2,373,5.197704882822449609e-113,4.410398843100125969e-114,inf,inf, 2.000000000000001,  1.500000000000021,                  0,  39.92462927222662, 0.4233823894336397,                  0
2,374,2.598852441411224805e-113,2.205199421550062985e-114,inf,inf, 2.000000000000001,  1.500000000000021,                  0,  39.92462927222662, 0.4233823894336397,                  0
2,375,1.299426220705612402e-113,1.102599710775031492e-114,inf,inf, 2.000000000000001,  1.500000000000021,                  0,  39.92462927222662, 0.4233823894336397,                  0
2,376,6.497131103528062012e-114,5.512998553875157462e-115,inf,inf, 2.000000000000001,  1.500000000000021,                  0,  39.92462927222662, 0.4233823894336397,                  0
2,377,3.248565551764031006e-114,2.756499276937578731e-115,inf,inf, 2.000000000000001,  1.500000000000021,                  0,  39.92462927222662, 0.4233823894336397,                  0
2,378,1.624282775882015503e-114,1.378249638468789365e-115,inf,inf, 2.000000000000001,  1.500000000000021,                  0,  39.92462927222662, 0.4233823894336397,                  0
2,379,8.121413879410077514e-115,6.891248192343946827e-116,inf,inf, 2.000000000000001,  1.500000000000021,                  0,  39.92462927222662, 0.4233823894336397,                  0
2,380,4.060706939705038757e-115,3.445624096171973414e-116,inf,inf, 2.000000000000001,  1.500000000000021,                  0,  39.92462927222662, 0.4233823894336397,                  0
2,381,2.030353469852519379e-115,1.722812048085986707e-116,inf,inf, 2.000000000000001,  1.500000000000021,                  0,  39.92462927222662, 0.4233823894336397,                  0
2,382,1.015176734926259689e-115,8.614060240429933534e-117,inf,inf, 2.000000000000001,  1.500000000000021,                  0,  39.92462927222662, 0.4233823894336397,                  0
2,383,5.075883674631298447e-116,4.307030120214966767e-117,inf,inf, 2.000000000000001,  1.500000000000021,                  0,  39.92462927222662, 0.4233823894336397,                  0
2,384,2.537941837315649223e-116,2.153515060107483384e-117,inf,inf, 2.000000000000001,  1.500000000000021,                  0,  39.92462927222662, 0.4233823894336397,                  0
2,385,1.268970918657824612e-116,1.076757530053741692e-117,inf,inf, 2.000000000000001,  1.500000000000021,                  0,  39.92462927222662, 0.4233823894336397,                  0
2,386,6.344854593289123058e-117,5.383787650268708459e-118,inf,inf, 2.000000000000001,  1.500000000000021,                  0,  39.92462927222662, 0.4233823894336397,                  0
2,387,3.172427296644561529e-117,2.691893825134354229e-118,inf,inf, 2.000000000000001,  1.500000000000021,                  0,  39.92462927222662, 0.4233823894336397,                  0
2,388,1.586213648322280765e-117,1.345946912567177115e-118,inf,inf, 2.000000000000001,  1.500000000000021,                  0,  39.92462927222662, 0.4233823894336397,                  0
2,389,7.931068241611403823e-118,6.729734562835885574e-119,inf,inf, 2.000000000000001,  1.500000000000021,                  0,  39.92462927222662, 0.4233823894336397,                  0
2,390,3.965534120805701911e-118,3.364867281417942787e-119,inf,inf, 2.000000000000001,  1.500000000000021,                  0,  39.92462927222662, 0.4233823894336397,                  0
2,391,1.982767060402850956e-118,1.682433640708971393e-119,inf,inf, 2.000000000000001,  1.500000000000021,                  0,  39.92462927222662, 0.4233823894336397,                  0
2,392,9.913835302014254778e-119,8.412168203544856967e-120,inf,inf, 2.000000000000001,  1.500000000000021,                  0,  39.92462927222662, 0.4233823894336397,                  0
2,393,4.956917651007127389e-119,4.206084101772428483e-120,inf,inf, 2.000000000000001,  1.500000000000021,                  0,  39.92462927222662, 0.4233823894336397,                  0
2,394,2.478458825503563695e-119,2.103042050886214242e-120,inf,inf, 2.000000000000001,  1.500000000000021,                  0,  39.92462927222662, 0.4233823894336397,                  0
2,395,1.239229412751781847e-119,1.051521025443107121e-120,inf,inf, 2.000000000000001,  1.500000000000021,                  0,  39.92462927222662, 0.4233823894336397,                  0
2,396,6.196147063758909237e-120,5.257605127215535604e-121,inf,inf, 2.000000000000001,  1.500000000000021,                  0,  39.92462927222662, 0.4233823894336397,                  0
2,397,3.098073531879454618e-120,2.628802563607767802e-121,inf,inf, 2.000000000000001,  1.500000000000021,                  0,  39.92462927222662, 0.4233823894336397,                  0
2,398,1.549036765939727309e-120,1.314401281803883901e-121,inf,inf, 2.000000000000001,  1.500000000000021,                  0,  39.92462927222662, 0.4233823894336397,                  0
2,399,7.745183829698636546e-121,6.572006409019419505e-122,inf,inf, 2.000000000000001,  1.500000000000021,                  0,  39.92462927222662, 0.4233823894336397,                  0
2,400,3.872591914849318273e-121,3.286003204509709753e-122,inf,inf, 2.000000000000001,  1.500000000000021,                  0,  39.92462927222662, 0.4233823894336397,                  0
2,401,1.936295957424659136e-121,1.643001602254854876e-122,inf,inf, 2.000000000000001,  1.500000000000021,                  0,  39.92462927222662, 0.4233823894336397,                  0
2,402,9.681479787123295682e-122,8.215008011274274382e-123,inf,inf, 2.000000000000001,  1.500000000000021,                  0,  39.92462927222662, 0.4233823894336397,                  0
2,403,4.840739893561647841e-122,4.107504005637137191e-123,inf,inf, 2.000000000000001,  1.500000000000021,                  0,  39.92462927222662, 0.4233823894336397,                  0
2,404,2.420369946780823921e-122,2.053752002818568595e-123,inf,inf, 2.000000000000001,  1.500000000000021,                  0,  39.92462927222662, 0.4233823894336397,                  0
2,405,1.210184973390411960e-122,1.026876001409284298e-123,inf,inf, 2.000000000000001,  1.500000000000021,                  0,  39.92462927222662, 0.4233823894336397,                  0
2,406,6.050924866952059801e-123,5.134380007046421489e-124,inf,inf, 2.000000000000001,  1.500000000000021,                  0,  39.92462927222662, 0.4233823894336397,                  0
2,407,3.025462433476029901e-123,2.567190003523210744e-124,inf,inf, 2.000000000000001,  1.500000000000021,                  0,  39.92462927222662, 0.4233823894336397,                  0
2,408,1.512731216738014950e-123,1.283595001761605372e-124,inf,inf, 2.000000000000001,  1.500000000000021,                  0,  39.92462927222662, 0.4233823894336397,                  0
2,409,7.563656083690074752e-124,6.417975008808026861e-125,inf,inf, 2.000000000000001,  1.500000000000021,                  0,  39.92462927222662, 0.4233823894336397,                  0
2,410,3.781828041845037376e-124,3.208987504404013430e-125,inf,inf, 2.000000000000001,  1.500000000000021,                  0,  39.92462927222662, 0.4233823894336397,                  0
2,411,1.890914020922518688e-124,1.604493752202006715e-125,inf,inf, 2.000000000000001,  1.500000000000021,                  0,  39.92462927222662, 0.4233823894336397,                  0
2,412,9.454570104612593439e-125,8.022468761010033576e-126,inf,inf, 2.000000000000001,  1.500000000000021,                  0,  39.92462927222662, 0.4233823894336397,                  0
2,413,4.727285052306296720e-125,4.011234380505016788e-126,inf,inf, 2.000000000000001,  1.500000000000021,                  0,  39.92462927222662, 0.4233823894336397,                  0
2,414,2.363642526153148360e-125,2.005617190252508394e-126,inf,inf, 2.000000000000001,  1.500000000000021,                  0,  39.92462927222662, 0.4233823894336397,                  0
2,415,1.181821263076574180e-125,1.002808595126254197e-126,inf,inf, 2.000000000000001,  1.500000000000021,                  0,  39.92462927222662, 0.4233823894336397,                  0
2,416,5.909106315382870900e-126,5.014042975631270985e-127,inf,inf, 2.000000000000001,  1.500000000000021,                  0,  39.92462927222662, 0.4233823894336397,                  0
2,417,2.954553157691435450e-126,2.507021487815635492e-127,inf,inf, 2.000000000000001,  1.500000000000021,                  0,  39.92462927222662, 0.4233823894336397,                  0
2,418,1.477276578845717725e-126,1.253510743907817746e-127,inf,inf, 2.000000000000001,  1.500000000000021,                  0,  39.92462927222662, 0.4233823894336397,                  0
2,419,7.386382894228588625e-127,6.267553719539088731e-128,inf,inf, 2.000000000000001,  1.500000000000021,                  0,  39.92462927222662, 0.4233823894336397,                  0
2,420,3.693191447114294312e-127,3.133776859769544366e-128,inf,inf, 2.000000000000001,  1.500000000000021,                  0,  39.92462927222662, 0.4233823894336397,                  0
2,421,1.846595723557147156e-127,1.566888429884772183e-128,inf,inf, 2.000000000000001,  1.500000000000021,                  0,  39.92462927222662, 0.4233823894336397,                  0
2,422,9.232978617785735781e-128,7.834442149423860914e-129,inf,inf, 2.000000000000001,  1.500000000000021,                  0,  39.92462927222662, 0.4233823894336397,                  0
2,423,4.616489308892867890e-128,3.917221074711930457e-129,inf,inf, 2.000000000000001,  1.500000000000021,                  0,  39.92462927222662, 0.4233823894336397,                  0
2,424,2.308244654446433945e-128,1.958610537355965228e-129,inf,inf, 2.000000000000001,  1.500000000000021,                  0,  39.92462927222662, 0.4233823894336397,                  0
2,425,1.154122327223216973e-128,9.793052686779826142e-130,inf,inf, 2.000000000000001,  1.500000000000021,                  0,  39.92462927222662, 0.4233823894336397,                  0
2,426,5.770611636116084863e-129,4.896526343389913071e-130,inf,inf, 2.000000000000001,  1.500000000000021,                  0,  39.92462927222662, 0.4233823894336397,                  0
2,427,2.885305818058042431e-129,2.448263171694956536e-130,inf,inf, 2.000000000000001,  1.500000000000021,                  0,  39.92462927222662, 0.4233823894336397,                  0
2,428,1.442652909029021216e-129,1.224131585847478268e-130,inf,inf, 2.000000000000001,  1.500000000000021,                  0,  39.92462927222662, 0.4233823894336397,                  0
2,429,7.213264545145106079e-130,6.120657929237391339e-131,inf,inf, 2.000000000000001,  1.500000000000021,                  0,  39.92462927222662, 0.4233823894336397,                  0
2,430,3.606632272572553039e-130,3.060328964618695670e-131,inf,inf, 2.000000000000001,  1.500000000000021,                  0,  39.92462927222662, 0.4233823894336397,                  0
2,431,1.803316136286276520e-130,1.530164482309347835e-131,inf,inf, 2.000000000000001,  1.500000000000021,                  0,  39.92462927222662, 0.4233823894336397,                  0
2,432,9.016580681431382598e-131,7.650822411546739174e-132,inf,inf, 2.000000000000001,  1.500000000000021,                  0,  39.92462927222662, 0.4233823894336397,                  0
2,433,4.508290340715691299e-131,3.825411205773369587e-132,inf,inf, 2.000000000000001,  1.500000000000021,                  0,  39.92462927222662, 0.4233823894336397,                  0
2,434,2.254145170357845650e-131,1.912705602886684793e-132,inf,inf, 2.000000000000001,  1.500000000000021,                  0,  39.92462927222662, 0.4233823894336397,                  0
2,435,1.127072585178922825e-131,9.563528014433423967e-133,inf,inf, 2.000000000000001,  1.500000000000021,                  0,  39.92462927222662, 0.4233823894336397,                  0
2,436,5.635362925894614124e-132,4.781764007216711984e-133,inf,inf, 2.000000000000001,  1.500000000000021,                  0,  39.92462927222662, 0.4233823894336397,                  0
2,437,2.817681462947307062e-132,2.390882003608355992e-133,inf,inf, 2.000000000000001,  1.500000000000021,                  0,  39.92462927222662, 0.4233823894336397,                  0
2,438,1.408840731473653531e-132,1.195441001804177996e-133,inf,inf, 2.000000000000001,  1.500000000000021,                  0,  39.92462927222662, 0.4233823894336397,                  0
2,439,7.044203657368267655e-133,5.977205009020889980e-134,inf,inf, 2.000000000000001,  1.500000000000021,                  0,  39.92462927222662, 0.4233823894336397,                  0
2,440,3.522101828684133827e-133,2.988602504510444990e-134,inf,inf, 2.000000000000001,  1.500000000000021,                  0,  39.92462927222662, 0.4233823894336397,                  0
2,441,1.761050914342066914e-133,1.494301252255222495e-134,inf,inf, 2.000000000000001,  1.500000000000021,                  0,  39.92462927222662, 0.4233823894336397,                  0
2,442,8.805254571710334569e-134,7.471506261276112474e-135,inf,inf, 2.000000000000001,  1.500000000000021,                  0,  39.92462927222662, 0.4233823894336397,                  0
2,443,4.402627285855167284e-134,3.735753130638056237e-135,inf,inf, 2.000000000000001,  1.500000000000021,                  0,  39.92462927222662, 0.4233823894336397,                  0
2,444,2.201313642927583642e-134,1.867876565319028119e-135,inf,inf, 2.000000000000001,  1.500000000000021,                  0,  39.92462927222662, 0.4233823894336397,                  0
2,445,1.100656821463791821e-134,9.339382826595140593e-136,inf,inf, 2.000000000000001,  1.500000000000021,                  0,  39.92462927222662, 0.4233823894336397,                  0
2,446,5.503284107318959105e-135,4.669691413297570297e-136,inf,inf, 2.000000000000001,  1.500000000000021,                  0,  39.92462927222662, 0.4233823894336397,                  0
2,447,2.751642053659479553e-135,2.334845706648785148e-136,inf,inf, 2.000000000000001,  1.500000000000021,                  0,  39.92462927222662, 0.4233823894336397,                  0
2,448,1.375821026829739776e-135,1.167422853324392574e-136,inf,inf, 2.000000000000001,  1.500000000000021,                  0,  39.92462927222662, 0.4233823894336397,                  0
2,449,6.879105134148698882e-136,5.837114266621962871e-137,inf,inf, 2.000000000000001,  1.500000000000021,                  0,  39.92462927222662, 0.4233823894336397,                  0
2,450,3.439552567074349441e-136,2.918557133310981435e-137,inf,inf, 2.000000000000001,  1.500000000000021,                  0,  39.92462927222662, 0.4233823894336397,                  0
2,451,1.719776283537174720e-136,1.459278566655490718e-137,inf,inf, 2.000000000000001,  1.500000000000021,                  0,  39.92462927222662, 0.4233823894336397,                  0
2,452,8.598881417685873602e-137,7.296392833277453588e-138,inf,inf, 2.000000000000001,  1.500000000000021,                  0,  39.92462927222662, 0.4233823894336397,                  0
2,453,4.299440708842936801e-137,3.648196416638726794e-138,inf,inf, 2.000000000000001,  1.500000000000021,                  0,  39.92462927222662, 0.4233823894336397,                  0
2,454,2.149720354421468401e-137,1.824098208319363397e-138,inf,inf, 2.000000000000001,  1.500000000000021,                  0,  39.92462927222662, 0.4233823894336397,                  0
2,455,1.074860177210734200e-137,9.120491041596816985e-139,inf,inf, 2.000000000000001,  1.500000000000021,                  0,  39.92462927222662, 0.4233823894336397,                  0
2,456,5.374300886053671001e-138,4.560245520798408493e-139,inf,inf, 2.000000000000001,  1.500000000000021,                  0,  39.92462927222662, 0.4233823894336397,                  0
2,457,2.687150443026835501e-138,2.280122760399204246e-139,inf,inf, 2.000000000000001,  1.500000000000021,                  0,  39.92462927222662, 0.4233823894336397,                  0
2,458,1.343575221513417750e-138,1.140061380199602123e-139,inf,inf, 2.000000000000001,  1.500000000000021,                  0,  39.92462927222662, 0.4233823894336397,                  0
2,459,6.717876107567088752e-139,5.700306900998010616e-140,inf,inf, 2.000000000000001,  1.500000000000021,                  0,  39.92462927222662, 0.4233823894336397,                  0
2,460,3.358938053783544376e-139,2.850153450499005308e-140,inf,inf, 2.000000000000001,  1.500000000000021,                  0,  39.92462927222662, 0.4233823894336397,                  0
2,461,1.679469026891772188e-139,1.425076725249502654e-140,inf,inf, 2.000000000000001,  1.500000000000021,                  0,  39.92462927222662, 0.4233823894336397,                  0
2,462,8.397345134458860940e-140,7.125383626247513270e-141,inf,inf, 2.000000000000001,  1.500000000000021,                  0,  39.92462927222662, 0.4233823894336397,                  0
2,463,4.198672567229430470e-140,3.562691813123756635e-141,inf,inf, 2.000000000000001,  1.500000000000021,                  0,  39.92462927222662, 0.4233823894336397,                  0
2,464,2.099336283614715235e-140,1.781345906561878317e-141,inf,inf, 2.000000000000001,  1.500000000000021,                  0,  39.92462927222662, 0.4233823894336397,                  0
2,465,1.049668141807357617e-140,8.906729532809391587e-142,inf,inf, 2.000000000000001,  1.500000000000021,                  0,  39.92462927222662, 0.4233823894336397,                  0
2,466,5.248340709036788087e-141,4.453364766404695794e-142,inf,inf, 2.000000000000001,  1.500000000000021,                  0,  39.92462927222662, 0.4233823894336397,                  0
2,467,2.624170354518394044e-141,2.226682383202347897e-142,inf,inf, 2.000000000000001,  1.500000000000021,                  0,  39.92462927222662, 0.4233823894336397,                  0
2,468,1.312085177259197022e-141,1.113341191601173948e-142,inf,inf, 2.000000000000001,  1.500000000000021,                  0,  39.92462927222662, 0.4233823894336397,                  0
2,469,6.560425886295985109e-142,5.566705958005869742e-143,inf,inf, 2.000000000000001,  1.500000000000021,                  0,  39.92462927222662, 0.4233823894336397,                  0
2,470,3.280212943147992555e-142,2.783352979002934871e-143,inf,inf, 2.000000000000001,  1.500000000000021,                  0,  39.92462927222662, 0.4233823894336397,                  0
2,471,1.640106471573996277e-142,1.391676489501467436e-143,inf,inf, 2.000000000000001,  1.500000000000021,                  0,  39.92462927222662, 0.4233823894336397,                  0
2,472,8.200532357869981386e-143,6.958382447507337178e-144,inf,inf, 2.000000000000001,  1.500000000000021,                  0,  39.92462927222662, 0.4233823894336397,                  0
2,473,4.100266178934990693e-143,3.479191223753668589e-144,inf,inf, 2.000000000000001,  1.500000000000021,                  0,  39.92462927222662, 0.4233823894336397,                  0
2,474,2.050133089467495347e-143,1.739595611876834294e-144,inf,inf, 2.000000000000001,  1.500000000000021,                  0,  39.92462927222662, 0.4233823894336397,                  0
2,475,1.025066544733747673e-143,8.697978059384171472e-145,inf,inf, 2.000000000000001,  1.500000000000021,                  0,  39.92462927222662, 0.4233823894336397,                  0
2,476,5.125332723668738367e-144,4.348989029692085736e-145,inf,inf, 2.000000000000001,  1.500000000000021,                  0,  39.92462927222662, 0.4233823894336397,                  0
2,477,2.562666361834369183e-144,2.174494514846042868e-145,inf,inf, 2.000000000000001,  1.500000000000021,                  0,  39.92462927222662, 0.4233823894336397,                  0
2,478,1.281333180917184592e-144,1.087247257423021434e-145,inf,inf, 2.000000000000001,  1.500000000000021,                  0,  39.92462927222662, 0.4233823894336397,                  0
2,479,6.406665904585922958e-145,5.436236287115107170e-146,inf,inf, 2.000000000000001,  1.500000000000021,                  0,  39.92462927222662, 0.4233823894336397,                  0
2,480,3.203332952292961479e-145,2.718118143557553585e-146,inf,inf, 2.000000000000001,  1.500000000000021,                  0,  39.92462927222662, 0.4233823894336397,                  0
2,481,1.601666476146480740e-145,1.359059071778776792e-146,inf,inf, 2.000000000000001,  1.500000000000021,                  0,  39.92462927222662, 0.4233823894336397,                  0
2,482,8.008332380732403698e-146,6.795295358893883962e-147,inf,inf, 2.000000000000001,  1.500000000000021,                  0,  39.92462927222662, 0.4233823894336397,                  0
2,483,4.004166190366201849e-146,3.397647679446941981e-147,inf,inf, 2.000000000000001,  1.500000000000021,                  0,  39.92462927222662, 0.4233823894336397,                  0
2,484,2.002083095183100924e-146,1.698823839723470991e-147,inf,inf, 2.000000000000001,  1.500000000000021,                  0,  39.92462927222662, 0.4233823894336397,                  0
2,485,1.001041547591550462e-146,8.494119198617354953e-148,inf,inf, 2.000000000000001,  1.500000000000021,                  0,  39.92462927222662, 0.4233823894336397,                  0
2,486,5.005207737957752311e-147,4.247059599308677477e-148,inf,inf, 2.000000000000001,  1.500000000000021,                  0,  39.92462927222662, 0.4233823894336397,                  0
2,487,2.502603868978876156e-147,2.123529799654338738e-148,inf,inf, 2.000000000000001,  1.500000000000021,                  0,  39.92462927222662, 0.4233823894336397,                  0
2,488,1.251301934489438078e-147,1.061764899827169369e-148,inf,inf, 2.000000000000001,  1.500000000000021,                  0,  39.92462927222662, 0.4233823894336397,                  0
2,489,6.256509672447190389e-148,5.308824499135846846e-149,inf,inf, 2.000000000000001,  1.500000000000021,                  0,  39.92462927222662, 0.4233823894336397,                  0
2,490,3.128254836223595194e-148,2.654412249567923423e-149,inf,inf, 2.000000000000001,  1.500000000000021,                  0,  39.92462927222662, 0.4233823894336397,                  0
2,491,1.564127418111797597e-148,1.327206124783961711e-149,inf,inf, 2.000000000000001,  1.500000000000021,                  0,  39.92462927222662, 0.4233823894336397,                  0
2,492,7.820637090558987986e-149,6.636030623919808557e-150,inf,inf, 2.000000000000001,  1.500000000000021,                  0,  39.92462927222662, 0.4233823894336397,                  0
2,493,3.910318545279493993e-149,3.318015311959904279e-150,inf,inf, 2.000000000000001,  1.500000000000021,                  0,  39.92462927222662, 0.4233823894336397,                  0
2,494,1.955159272639746997e-149,1.659007655979952139e-150,inf,inf, 2.000000000000001,  1.500000000000021,                  0,  39.92462927222662, 0.4233823894336397,                  0
2,495,9.775796363198734983e-150,8.295038279899760696e-151,inf,inf, 2.000000000000001,  1.500000000000021,                  0,  39.92462927222662, 0.4233823894336397,                  0
2,496,4.887898181599367491e-150,4.147519139949880348e-151,inf,inf, 2.000000000000001,  1.500000000000021,                  0,  39.92462927222662, 0.4233823894336397,                  0
2,497,2.443949090799683746e-150,2.073759569974940174e-151,inf,inf, 2.000000000000001,  1.500000000000021,                  0,  39.92462927222662, 0.4233823894336397,                  0
2,498,1.221974545399841873e-150,1.036879784987470087e-151,inf,inf, 2.000000000000001,  1.500000000000021,                  0,  39.92462927222662, 0.4233823894336397,                  0
2,499,6.109872726999209364e-151,5.184398924937350435e-152,inf,inf, 2.000000000000001,  1.500000000000021,                  0,  39.92462927222662, 0.4233823894336397,                  0
2,500,3.054936363499604682e-151,2.592199462468675218e-152,inf,inf, 2.000000000000001,  1.500000000000021,                  0,  39.92462927222662, 0.4233823894336397,                  0
2,501,1.527468181749802341e-151,1.296099731234337609e-152,inf,inf, 2.000000000000001,  1.500000000000021,                  0,  39.92462927222662, 0.4233823894336397,                  0
2,502,7.637340908749011705e-152,6.480498656171688044e-153,inf,inf, 2.000000000000001,  1.500000000000021,                  0,  39.92462927222662, 0.4233823894336397,                  0
2,503,3.818670454374505853e-152,3.240249328085844022e-153,inf,inf, 2.000000000000001,  1.500000000000021,                  0,  39.92462927222662, 0.4233823894336397,                  0
2,504,1.909335227187252926e-152,1.620124664042922011e-153,inf,inf, 2.000000000000001,  1.500000000000021,                  0,  39.92462927222662, 0.4233823894336397,                  0
2,505,9.546676135936264631e-153,8.100623320214610055e-154,inf,inf, 2.000000000000001,  1.500000000000021,                  0,  39.92462927222662, 0.4233823894336397,                  0
2,506,4.773338067968132316e-153,4.050311660107305028e-154,inf,inf, 2.000000000000001,  1.500000000000021,                  0,  39.92462927222662, 0.4233823894336397,                  0
2,507,2.386669033984066158e-153,2.025155830053652514e-154,inf,inf, 2.000000000000001,  1.500000000000021,                  0,  39.92462927222662, 0.4233823894336397,                  0
2,508,1.193334516992033079e-153,1.012577915026826257e-154,inf,inf, 2.000000000000001,  1.500000000000021,                  0,  39.92462927222662, 0.4233823894336397,                  0
2,509,5.966672584960165395e-154,5.062889575134136253e-155,inf,inf, 2.000000000000001,  1.500000000000021,                  0,  39.92462927222662, 0.4233823894336397,                  0
2,510,2.983336292480082697e-154,2.531444787567058604e-155,inf,inf, 2.000000000000001,  1.500000000000021,                  0,  39.92462927222662, 0.4233823894336397,                  0
2,511,1.491668146240041349e-154,1.265722393783529302e-155,inf,inf, 2.000000000000001,  1.500000000000021,                  0,  39.92462927222662, 0.4233823894336397,                  0
2,512,7.458340731200206743e-155,6.328611968917450885e-156,inf,inf, 2.000000000000001,  1.500000000000021,                  0,  39.92462927222662, 0.4233823894336397,                  0
2,513,3.729170365600103372e-155,3.164305984458335227e-156,inf,inf, 2.000000000000001,  1.500000000000021,                  0,  39.92462927222662, 0.4233823894336397,                  0
2,514,1.864585182800051686e-155,1.582152992230728991e-156,inf,inf, 2.000000000000001,  1.500000000000021,                  0,  39.92462927222662, 0.4233823894336397,                  0
2,515,9.322925914000258429e-156,7.910764961153644954e-157,inf,inf, 2.000000000000001,  1.500000000000021,                  0,  39.92462927222662, 0.4233823894336397,                  0
2,516,4.661462957000129215e-156,3.955382480576822477e-157,inf,inf, 2.000000000000001,  1.500000000000021,                  0,  39.92462927222662, 0.4233823894336397,                  0
2,517,2.330731478500064607e-156,1.977691240288411238e-157,inf,inf, 2.000000000000001,  1.500000000000021,                  0,  39.92462927222662, 0.4233823894336397,                  0
2,518,1.165365739250032304e-156,9.888456201442056192e-158,inf,inf, 2.000000000000001,  1.500000000000021,                  0,  39.92462927222662, 0.4233823894336397,                  0
2,519,5.826828696250161518e-157,4.944228098222833793e-158,inf,inf, 2.000000000000001,  1.500000000000021,                  0,  39.92462927222662, 0.4233823894336397,                  0
2,520,2.913414348125080759e-157,2.472114049111416896e-158,inf,inf, 2.000000000000001,  1.500000000000021,                  0,  39.92462927222662, 0.4233823894336397,                  0
2,521,1.456707174062540380e-157,1.236057014562932246e-158,inf,inf, 2.000000000000001,  1.500000000000021,                  0,  39.92462927222662, 0.4233823894336397,                  0
2,522,7.283535870312701898e-158,6.180285472525697200e-159,inf,inf, 2.000000000000001,  1.500000000000021,                  0,  39.92462927222662, 0.4233823894336397,                  0
2,523,3.641767935156350949e-158,3.090143135973846161e-159,inf,inf, 2.000000000000001,  1.500000000000021,                  0,  39.92462927222662, 0.4233823894336397,                  0
2,524,1.820883967578175474e-158,1.545071567986923080e-159,inf,inf, 2.000000000000001,  1.500000000000021,                  0,  39.92462927222662, 0.4233823894336397,                  0
2,525,9.104419837890877372e-159,7.725357839934615402e-160,inf,inf, 2.000000000000001,  1.500000000000021,                  0,  39.92462927222662, 0.4233823894336397,                  0
2,526,4.552209918945438686e-159,3.862614965682440900e-160,inf,inf, 2.000000000000001,  1.500000000000021,                  0,  39.92462927222662, 0.4233823894336397,                  0
2,527,2.276104959472719343e-159,1.931371436596650909e-160,inf,inf, 2.000000000000001,  1.500000000000021,                  0,  39.92462927222662, 0.4233823894336397,                  0
2,528,1.138052479736359672e-159,9.658136152220434689e-161,inf,inf, 2.000000000000001,  1.500000000000021,                  0,  39.92462927222662, 0.4233823894336397,                  0
2,529,5.690262398681798358e-160,4.829068076110217345e-161,inf,inf, 2.000000000000001,  1.500000000000021,                  0,  39.92462927222662, 0.4233823894336397,                  0
2,530,2.845131199340899179e-160,2.414534038055108672e-161,inf,inf, 2.000000000000001,  1.500000000000021,                  0,  39.92462927222662, 0.4233823894336397,                  0
2,531,1.422565599670449589e-160,1.217455106984951483e-161,inf,inf, 2.000000000000001,  1.500000000000021,                  0,  39.92462927222662, 0.4233823894336397,                  0
2,532,7.112827998352247947e-161,6.286911138810515185e-162,inf,inf, 2.000000000000001,  1.500000000000021,                  0,  39.92462927222662, 0.4233823894336397,                  0
2,533,3.556413999176123974e-161,3.143455569405257593e-162,inf,inf, 2.000000000000001,  1.500000000000021,                  0,  39.92462927222662, 0.4233823894336397,                  0
